Country Name,Country Code,Year,Value
Afghanistan,AFG,2004,24.44444444
Afghanistan,AFG,2005,31.11111111
Afghanistan,AFG,2006,32.22222222
Afghanistan,AFG,2007,34.44444444
Afghanistan,AFG,2008,45.55555556
Afghanistan,AFG,2009,46.66666667
Afghanistan,AFG,2010,52.22222222
Afghanistan,AFG,2011,51.11111111
Afghanistan,AFG,2012,50
Afghanistan,AFG,2013,53.33333333
Afghanistan,AFG,2014,54.44444444
Afghanistan,AFG,2015,51.1111
Afghanistan,AFG,2016,51.1111
Afghanistan,AFG,2017,51.1111
Albania,ALB,2004,76.66666667
Albania,ALB,2005,77.77777778
Albania,ALB,2006,81.11111111
Albania,ALB,2007,80
Albania,ALB,2008,76.66666667
Albania,ALB,2009,77.77777778
Albania,ALB,2010,70
Albania,ALB,2011,70
Albania,ALB,2012,73.33333333
Albania,ALB,2013,68.88888889
Albania,ALB,2014,75.55555556
Albania,ALB,2015,72.22223333
Albania,ALB,2016,82.22223333
Albania,ALB,2017,88.8889
Algeria,DZA,2004,54.44444444
Algeria,DZA,2005,63.33333333
Algeria,DZA,2006,63.33333333
Algeria,DZA,2007,60
Algeria,DZA,2008,58.88888889
Algeria,DZA,2009,57.77777778
Algeria,DZA,2010,58.88888889
Algeria,DZA,2011,62.22222222
Algeria,DZA,2012,58.88888889
Algeria,DZA,2013,51.11111111
Algeria,DZA,2014,52.22222222
Algeria,DZA,2015,53.33336667
Algeria,DZA,2016,55.55556667
Algeria,DZA,2017,61.1111
Angola,AGO,2004,41.11111111
Angola,AGO,2005,45.55555556
Angola,AGO,2006,45.55555556
Angola,AGO,2007,42.22222222
Angola,AGO,2008,42.22222222
Angola,AGO,2009,45.55555556
Angola,AGO,2010,45.55555556
Angola,AGO,2011,47.77777778
Angola,AGO,2012,50
Angola,AGO,2013,47.77777778
Angola,AGO,2014,48.88888889
Angola,AGO,2015,47.77776667
Angola,AGO,2016,42.22216667
Angola,AGO,2017,45.5555
Antigua and Barbuda,ATG,2005,36.66666667
Antigua and Barbuda,ATG,2006,36.66666667
Antigua and Barbuda,ATG,2007,36.66666667
Antigua and Barbuda,ATG,2008,46.66666667
Antigua and Barbuda,ATG,2009,44.44444444
Antigua and Barbuda,ATG,2010,42.22222222
Antigua and Barbuda,ATG,2011,46.66666667
Antigua and Barbuda,ATG,2012,51.11111111
Antigua and Barbuda,ATG,2013,55.55555556
Antigua and Barbuda,ATG,2014,58.88888889
Antigua and Barbuda,ATG,2015,57.7778
Antigua and Barbuda,ATG,2016,57.7778
Antigua and Barbuda,ATG,2017,54.44446667
Argentina,ARG,2004,92.22222222
Argentina,ARG,2005,88.88888889
Argentina,ARG,2006,88.88888889
Argentina,ARG,2007,85.55555556
Argentina,ARG,2008,86.66666667
Argentina,ARG,2009,87.77777778
Argentina,ARG,2010,86.66666667
Argentina,ARG,2011,85.55555556
Argentina,ARG,2012,85.55555556
Argentina,ARG,2013,76.66666667
Argentina,ARG,2014,83.33333333
Argentina,ARG,2015,95.55556667
Argentina,ARG,2016,88.8889
Argentina,ARG,2017,85.55556667
Armenia,ARM,2004,77.77777778
Armenia,ARM,2005,84.44444444
Armenia,ARM,2006,86.66666667
Armenia,ARM,2007,90
Armenia,ARM,2008,92.22222222
Armenia,ARM,2009,93.33333333
Armenia,ARM,2010,92.22222222
Armenia,ARM,2011,92.22222222
Armenia,ARM,2012,86.66666667
Armenia,ARM,2013,88.88888889
Armenia,ARM,2014,87.77777778
Armenia,ARM,2015,93.33333333
Armenia,ARM,2016,92.22223333
Armenia,ARM,2017,91.1111
Azerbaijan,AZE,2004,76.66666667
Azerbaijan,AZE,2005,78.88888889
Azerbaijan,AZE,2006,78.88888889
Azerbaijan,AZE,2007,78.88888889
Azerbaijan,AZE,2008,78.88888889
Azerbaijan,AZE,2009,78.88888889
Azerbaijan,AZE,2010,78.88888889
Azerbaijan,AZE,2011,76.66666667
Azerbaijan,AZE,2012,74.44444444
Azerbaijan,AZE,2013,74.44444444
Azerbaijan,AZE,2014,70
Azerbaijan,AZE,2015,67.7778
Azerbaijan,AZE,2016,75.55556667
Azerbaijan,AZE,2017,82.22223333
Bangladesh,BGD,2004,70
Bangladesh,BGD,2005,72.22222222
Bangladesh,BGD,2006,75.55555556
Bangladesh,BGD,2007,75.55555556
Bangladesh,BGD,2008,66.66666667
Bangladesh,BGD,2009,65.55555556
Bangladesh,BGD,2010,68.88888889
Bangladesh,BGD,2011,68.88888889
Bangladesh,BGD,2012,65.55555556
Bangladesh,BGD,2013,65.55555556
Bangladesh,BGD,2014,80
Bangladesh,BGD,2015,76.6667
Bangladesh,BGD,2016,74.44443333
Bangladesh,BGD,2017,70.00003333
Belarus,BLR,2004,80
Belarus,BLR,2005,83.33333333
Belarus,BLR,2006,80
Belarus,BLR,2007,83.33333333
Belarus,BLR,2008,83.33333333
Belarus,BLR,2009,84.44444444
Belarus,BLR,2010,85.55555556
Belarus,BLR,2011,85.55555556
Belarus,BLR,2012,86.66666667
Belarus,BLR,2013,86.66666667
Belarus,BLR,2014,87.77777778
Belarus,BLR,2015,87.77776667
Belarus,BLR,2016,87.77776667
Belarus,BLR,2017,87.77776667
Belize,BLZ,2005,66.66666667
Belize,BLZ,2006,65.55555556
Belize,BLZ,2007,62.22222222
Belize,BLZ,2008,61.11111111
Belize,BLZ,2009,62.22222222
Belize,BLZ,2010,61.11111111
Belize,BLZ,2011,56.66666667
Belize,BLZ,2012,58.88888889
Belize,BLZ,2013,57.77777778
Belize,BLZ,2014,55.55555556
Belize,BLZ,2015,54.44446667
Belize,BLZ,2016,62.22223333
Belize,BLZ,2017,62.22223333
Benin,BEN,2004,53.33333333
Benin,BEN,2005,56.66666667
Benin,BEN,2006,54.44444444
Benin,BEN,2007,57.77777778
Benin,BEN,2008,56.66666667
Benin,BEN,2009,56.66666667
Benin,BEN,2010,55.55555556
Benin,BEN,2011,58.88888889
Benin,BEN,2012,57.77777778
Benin,BEN,2013,66.66666667
Benin,BEN,2014,65.55555556
Benin,BEN,2015,66.66666667
Benin,BEN,2016,73.33336667
Benin,BEN,2017,73.33336667
Bhutan,BTN,2005,57.77777778
Bhutan,BTN,2006,62.22222222
Bhutan,BTN,2007,57.77777778
Bhutan,BTN,2008,63.33333333
Bhutan,BTN,2009,73.33333333
Bhutan,BTN,2010,75.55555556
Bhutan,BTN,2011,77.77777778
Bhutan,BTN,2012,74.44444444
Bhutan,BTN,2013,75.55555556
Bhutan,BTN,2014,78.88888889
Bhutan,BTN,2015,68.8889
Bhutan,BTN,2016,68.8889
Bhutan,BTN,2017,65.5556
Bolivia,BOL,2004,68.88888889
Bolivia,BOL,2005,70
Bolivia,BOL,2006,67.77777778
Bolivia,BOL,2007,67.77777778
Bolivia,BOL,2008,66.66666667
Bolivia,BOL,2009,70
Bolivia,BOL,2010,66.66666667
Bolivia,BOL,2011,70
Bolivia,BOL,2012,67.77777778
Bolivia,BOL,2013,72.22222222
Bolivia,BOL,2014,76.66666667
Bolivia,BOL,2015,78.8889
Bolivia,BOL,2016,68.8889
Bolivia,BOL,2017,67.77776667
Bosnia and Herzegovina,BIH,2004,50
Bosnia and Herzegovina,BIH,2005,52.22222222
Bosnia and Herzegovina,BIH,2006,55.55555556
Bosnia and Herzegovina,BIH,2007,55.55555556
Bosnia and Herzegovina,BIH,2008,56.66666667
Bosnia and Herzegovina,BIH,2009,57.77777778
Bosnia and Herzegovina,BIH,2010,62.22222222
Bosnia and Herzegovina,BIH,2011,67.77777778
Bosnia and Herzegovina,BIH,2012,68.88888889
Bosnia and Herzegovina,BIH,2013,68.88888889
Bosnia and Herzegovina,BIH,2014,72.22222222
Bosnia and Herzegovina,BIH,2015,67.7778
Bosnia and Herzegovina,BIH,2016,72.22226667
Bosnia and Herzegovina,BIH,2017,65.55556667
Botswana,BWA,2004,72.22222222
Botswana,BWA,2005,72.22222222
Botswana,BWA,2006,62.22222222
Botswana,BWA,2007,62.22222222
Botswana,BWA,2008,64.44444444
Botswana,BWA,2009,61.11111111
Botswana,BWA,2010,60
Botswana,BWA,2011,63.33333333
Botswana,BWA,2012,63.33333333
Botswana,BWA,2013,54.44444444
Botswana,BWA,2014,51.11111111
Botswana,BWA,2015,45.55553333
Botswana,BWA,2016,42.22216667
Botswana,BWA,2017,49.99996667
Brazil,BRA,2004,83.33333333
Brazil,BRA,2005,86.66666667
Brazil,BRA,2006,90
Brazil,BRA,2007,91.11111111
Brazil,BRA,2008,86.66666667
Brazil,BRA,2009,86.66666667
Brazil,BRA,2010,83.33333333
Brazil,BRA,2011,84.44444444
Brazil,BRA,2012,78.88888889
Brazil,BRA,2013,75.55555556
Brazil,BRA,2014,75.55555556
Brazil,BRA,2015,72.22223333
Brazil,BRA,2016,76.66666667
Brazil,BRA,2017,74.44443333
Bulgaria,BGR,2004,86.66666667
Bulgaria,BGR,2005,86.66666667
Bulgaria,BGR,2006,93.33333333
Bulgaria,BGR,2007,93.33333333
Bulgaria,BGR,2008,94.44444444
Bulgaria,BGR,2009,91.11111111
Bulgaria,BGR,2010,91.11111111
Bulgaria,BGR,2011,91.11111111
Bulgaria,BGR,2012,91.11111111
Bulgaria,BGR,2013,85.55555556
Bulgaria,BGR,2014,84.44444444
Bulgaria,BGR,2015,84.44443333
Bulgaria,BGR,2016,84.44443333
Bulgaria,BGR,2017,87.77776667
Burkina Faso,BFA,2004,67.77777778
Burkina Faso,BFA,2005,66.66666667
Burkina Faso,BFA,2006,66.66666667
Burkina Faso,BFA,2007,64.44444444
Burkina Faso,BFA,2008,63.33333333
Burkina Faso,BFA,2009,60
Burkina Faso,BFA,2010,62.22222222
Burkina Faso,BFA,2011,65.55555556
Burkina Faso,BFA,2012,71.11111111
Burkina Faso,BFA,2013,70
Burkina Faso,BFA,2014,71.11111111
Burkina Faso,BFA,2015,67.7778
Burkina Faso,BFA,2016,74.44446667
Burkina Faso,BFA,2017,73.33336667
Burundi,BDI,2004,43.33333333
Burundi,BDI,2005,45.55555556
Burundi,BDI,2006,44.44444444
Burundi,BDI,2007,48.88888889
Burundi,BDI,2008,48.88888889
Burundi,BDI,2009,61.11111111
Burundi,BDI,2010,54.44444444
Burundi,BDI,2011,54.44444444
Burundi,BDI,2012,52.22222222
Burundi,BDI,2013,57.77777778
Burundi,BDI,2014,54.44444444
Burundi,BDI,2015,55.55556667
Burundi,BDI,2016,62.22223333
Burundi,BDI,2017,63.33336667
Cabo Verde,CPV,2005,68.88888889
Cabo Verde,CPV,2006,73.33333333
Cabo Verde,CPV,2007,74.44444444
Cabo Verde,CPV,2008,73.33333333
Cabo Verde,CPV,2009,70
Cabo Verde,CPV,2010,73.33333333
Cabo Verde,CPV,2011,70
Cabo Verde,CPV,2012,68.88888889
Cabo Verde,CPV,2013,65.55555556
Cabo Verde,CPV,2014,68.88888889
Cabo Verde,CPV,2015,66.66666667
Cabo Verde,CPV,2016,68.88886667
Cabo Verde,CPV,2017,67.77776667
Cambodia,KHM,2004,64.44444444
Cambodia,KHM,2005,67.77777778
Cambodia,KHM,2006,71.11111111
Cambodia,KHM,2007,72.22222222
Cambodia,KHM,2008,72.22222222
Cambodia,KHM,2009,74.44444444
Cambodia,KHM,2010,73.33333333
Cambodia,KHM,2011,73.33333333
Cambodia,KHM,2012,67.77777778
Cambodia,KHM,2013,70
Cambodia,KHM,2014,76.66666667
Cambodia,KHM,2015,76.66666667
Cambodia,KHM,2016,66.66666667
Cambodia,KHM,2017,63.33333333
Cameroon,CMR,2004,51.11111111
Cameroon,CMR,2005,50
Cameroon,CMR,2006,63.33333333
Cameroon,CMR,2007,63.33333333
Cameroon,CMR,2008,66.66666667
Cameroon,CMR,2009,63.33333333
Cameroon,CMR,2010,66.66666667
Cameroon,CMR,2011,64.44444444
Cameroon,CMR,2012,60
Cameroon,CMR,2013,56.66666667
Cameroon,CMR,2014,56.66666667
Cameroon,CMR,2015,55.55556667
Cameroon,CMR,2016,68.8889
Cameroon,CMR,2017,70.00003333
Central African Republic,CAF,2004,40
Central African Republic,CAF,2005,43.33333333
Central African Republic,CAF,2006,43.33333333
Central African Republic,CAF,2007,44.44444444
Central African Republic,CAF,2008,47.77777778
Central African Republic,CAF,2009,52.22222222
Central African Republic,CAF,2010,55.55555556
Central African Republic,CAF,2011,56.66666667
Central African Republic,CAF,2012,57.77777778
Central African Republic,CAF,2013,57.77777778
Central African Republic,CAF,2014,58.88888889
Central African Republic,CAF,2015,52.22226667
Central African Republic,CAF,2016,41.11113333
Central African Republic,CAF,2017,38.88886667
Chad,TCD,2004,60
Chad,TCD,2005,61.11111111
Chad,TCD,2006,61.11111111
Chad,TCD,2007,52.22222222
Chad,TCD,2008,51.11111111
Chad,TCD,2009,53.33333333
Chad,TCD,2010,56.66666667
Chad,TCD,2011,54.44444444
Chad,TCD,2012,64.44444444
Chad,TCD,2013,63.33333333
Chad,TCD,2014,63.33333333
Chad,TCD,2015,65.5556
Chad,TCD,2016,54.4445
Chad,TCD,2017,48.8889
Chile,CHL,2004,91.11111111
Chile,CHL,2005,91.11111111
Chile,CHL,2006,91.11111111
Chile,CHL,2007,94.44444444
Chile,CHL,2008,92.22222222
Chile,CHL,2009,92.22222222
Chile,CHL,2010,94.44444444
Chile,CHL,2011,94.44444444
Chile,CHL,2012,94.44444444
Chile,CHL,2013,95.55555556
Chile,CHL,2014,95.55555556
Chile,CHL,2015,95.55556667
Chile,CHL,2016,95.55556667
Chile,CHL,2017,93.33333333
China,CHN,2004,64.44444444
China,CHN,2005,64.44444444
China,CHN,2006,57.77777778
China,CHN,2007,61.11111111
China,CHN,2008,61.11111111
China,CHN,2009,62.22222222
China,CHN,2010,65.55555667
China,CHN,2011,68.88888889
China,CHN,2012,70
China,CHN,2013,70
China,CHN,2014,70
China,CHN,2015,70
China,CHN,2016,80
China,CHN,2017,78.8889
Colombia,COL,2004,86.66666667
Colombia,COL,2005,78.88888889
Colombia,COL,2006,75.55555556
Colombia,COL,2007,85.55555556
Colombia,COL,2008,82.22222222
Colombia,COL,2009,85.55555556
Colombia,COL,2010,84.44444444
Colombia,COL,2011,84.44444444
Colombia,COL,2012,84.44444444
Colombia,COL,2013,81.11111111
Colombia,COL,2014,81.11111111
Colombia,COL,2015,84.44443333
Colombia,COL,2016,88.8889
Colombia,COL,2017,88.8889
Comoros,COM,2005,56.66666667
Comoros,COM,2006,55.55555556
Comoros,COM,2007,55.55555556
Comoros,COM,2008,56.66666667
Comoros,COM,2009,53.33333333
Comoros,COM,2010,50
Comoros,COM,2011,50
Comoros,COM,2012,41.11111111
Comoros,COM,2013,43.33333333
Comoros,COM,2014,40
Comoros,COM,2015,42.22216667
Comoros,COM,2016,34.4444
Comoros,COM,2017,29.99996667
"Congo, Dem. Rep.",COD,2004,32.22222222
"Congo, Dem. Rep.",COD,2005,41.11111111
"Congo, Dem. Rep.",COD,2006,37.77777778
"Congo, Dem. Rep.",COD,2007,37.77777778
"Congo, Dem. Rep.",COD,2008,37.77777778
"Congo, Dem. Rep.",COD,2009,34.44444444
"Congo, Dem. Rep.",COD,2010,35.55555556
"Congo, Dem. Rep.",COD,2011,43.33333333
"Congo, Dem. Rep.",COD,2012,43.33333333
"Congo, Dem. Rep.",COD,2013,50
"Congo, Dem. Rep.",COD,2014,56.66666667
"Congo, Dem. Rep.",COD,2015,57.77776667
"Congo, Dem. Rep.",COD,2016,51.11113333
"Congo, Dem. Rep.",COD,2017,46.6667
"Congo, Rep.",COG,2004,42.22222222
"Congo, Rep.",COG,2005,44.44444444
"Congo, Rep.",COG,2006,51.11111111
"Congo, Rep.",COG,2007,52.22222222
"Congo, Rep.",COG,2008,48.88888889
"Congo, Rep.",COG,2009,54.44444444
"Congo, Rep.",COG,2010,54.44444444
"Congo, Rep.",COG,2011,50
"Congo, Rep.",COG,2012,50
"Congo, Rep.",COG,2013,52.22222222
"Congo, Rep.",COG,2014,47.77777778
"Congo, Rep.",COG,2015,50.00003333
"Congo, Rep.",COG,2016,50.00003333
"Congo, Rep.",COG,2017,48.8889
Costa Rica,CRI,2004,82.22222222
Costa Rica,CRI,2005,75.55555556
Costa Rica,CRI,2006,78.88888889
Costa Rica,CRI,2007,77.77777778
Costa Rica,CRI,2008,76.66666667
Costa Rica,CRI,2009,76.66666667
Costa Rica,CRI,2010,76.66666667
Costa Rica,CRI,2011,76.66666667
Costa Rica,CRI,2012,77.77777778
Costa Rica,CRI,2013,77.77777778
Costa Rica,CRI,2014,77.77777778
Costa Rica,CRI,2015,84.44443333
Costa Rica,CRI,2016,84.44443333
Costa Rica,CRI,2017,87.77776667
Cote d'Ivoire,CIV,2004,80
Cote d'Ivoire,CIV,2005,80
Cote d'Ivoire,CIV,2006,75.55555556
Cote d'Ivoire,CIV,2007,71.11111111
Cote d'Ivoire,CIV,2008,63.33333333
Cote d'Ivoire,CIV,2009,61.11111111
Cote d'Ivoire,CIV,2010,58.88888889
Cote d'Ivoire,CIV,2011,67.77777778
Cote d'Ivoire,CIV,2012,63.33333333
Cote d'Ivoire,CIV,2013,56.66666667
Cote d'Ivoire,CIV,2014,46.66666667
Cote d'Ivoire,CIV,2015,58.8889
Cote d'Ivoire,CIV,2016,67.77776667
Cote d'Ivoire,CIV,2017,66.66666667
Croatia,HRV,2004,95.55555556
Croatia,HRV,2005,95.55555556
Croatia,HRV,2006,94.44444444
Croatia,HRV,2007,87.77777778
Croatia,HRV,2008,90
Croatia,HRV,2009,88.88888889
Croatia,HRV,2010,84.44444444
Croatia,HRV,2011,86.66666667
Croatia,HRV,2012,86.66666667
Croatia,HRV,2013,87.77777778
Croatia,HRV,2014,83.33333333
Croatia,HRV,2015,80.00003333
Croatia,HRV,2016,81.11113333
Croatia,HRV,2017,83.33333333
Djibouti,DJI,2005,50
Djibouti,DJI,2006,52.22222222
Djibouti,DJI,2007,43.33333333
Djibouti,DJI,2008,40
Djibouti,DJI,2009,40
Djibouti,DJI,2010,44.44444444
Djibouti,DJI,2011,44.44444444
Djibouti,DJI,2012,46.66666667
Djibouti,DJI,2013,46.66666667
Djibouti,DJI,2014,45.55555556
Djibouti,DJI,2015,46.66666667
Djibouti,DJI,2016,53.33336667
Djibouti,DJI,2017,54.4445
Dominica,DMA,2005,60
Dominica,DMA,2006,60
Dominica,DMA,2007,53.33333333
Dominica,DMA,2008,53.33333333
Dominica,DMA,2009,53.33333333
Dominica,DMA,2010,46.66666667
Dominica,DMA,2011,50
Dominica,DMA,2012,53.33333333
Dominica,DMA,2013,50
Dominica,DMA,2014,55.55555556
Dominica,DMA,2015,52.22223333
Dominica,DMA,2016,57.77776667
Dominica,DMA,2017,57.77776667
Dominican Republic,DOM,2004,71.11111111
Dominican Republic,DOM,2005,70
Dominican Republic,DOM,2006,64.44444444
Dominican Republic,DOM,2007,66.66666667
Dominican Republic,DOM,2008,67.77777778
Dominican Republic,DOM,2009,67.77777778
Dominican Republic,DOM,2010,67.77777778
Dominican Republic,DOM,2011,67.77777778
Dominican Republic,DOM,2012,67.77777778
Dominican Republic,DOM,2013,75.55555556
Dominican Republic,DOM,2014,78.88888889
Dominican Republic,DOM,2015,78.8889
Dominican Republic,DOM,2016,83.33333333
Dominican Republic,DOM,2017,83.33333333
Ecuador,ECU,2004,82.22222222
Ecuador,ECU,2005,86.66666667
Ecuador,ECU,2006,86.66666667
Ecuador,ECU,2007,86.66666667
Ecuador,ECU,2008,84.44444444
Ecuador,ECU,2009,84.44444444
Ecuador,ECU,2010,82.22222222
Ecuador,ECU,2011,82.22222222
Ecuador,ECU,2012,71.11111111
Ecuador,ECU,2013,70
Ecuador,ECU,2014,70
Ecuador,ECU,2015,72.22226667
Ecuador,ECU,2016,71.11113333
Ecuador,ECU,2017,68.8889
"Egypt, Arab Rep.",EGY,2004,77.77777778
"Egypt, Arab Rep.",EGY,2005,87.77777778
"Egypt, Arab Rep.",EGY,2006,91.11111111
"Egypt, Arab Rep.",EGY,2007,87.77777778
"Egypt, Arab Rep.",EGY,2008,86.66666667
"Egypt, Arab Rep.",EGY,2009,87.77777778
"Egypt, Arab Rep.",EGY,2010,85.55555556
"Egypt, Arab Rep.",EGY,2011,88.88888889
"Egypt, Arab Rep.",EGY,2012,86.66666667
"Egypt, Arab Rep.",EGY,2013,90
"Egypt, Arab Rep.",EGY,2014,90
"Egypt, Arab Rep.",EGY,2015,91.11113333
"Egypt, Arab Rep.",EGY,2016,87.77776667
"Egypt, Arab Rep.",EGY,2017,83.33333333
El Salvador,SLV,2004,74.44444333
El Salvador,SLV,2005,74.44444444
El Salvador,SLV,2006,74.44444444
El Salvador,SLV,2007,74.44444444
El Salvador,SLV,2008,77.77777778
El Salvador,SLV,2009,84.44444444
El Salvador,SLV,2010,91.11111111
El Salvador,SLV,2011,87.77777778
El Salvador,SLV,2012,91.11111111
El Salvador,SLV,2013,91.11111111
El Salvador,SLV,2014,91.11111111
El Salvador,SLV,2015,91.11113333
El Salvador,SLV,2016,92.22223333
El Salvador,SLV,2017,92.22223333
Equatorial Guinea,GNQ,2005,34.44444444
Equatorial Guinea,GNQ,2006,30
Equatorial Guinea,GNQ,2007,30
Equatorial Guinea,GNQ,2008,30
Equatorial Guinea,GNQ,2009,32.22222222
Equatorial Guinea,GNQ,2010,32.22222222
Equatorial Guinea,GNQ,2011,32.22222222
Equatorial Guinea,GNQ,2012,32.22222222
Equatorial Guinea,GNQ,2013,31.11111111
Equatorial Guinea,GNQ,2014,34.44444444
Equatorial Guinea,GNQ,2015,42.22223333
Equatorial Guinea,GNQ,2016,45.55556667
Equatorial Guinea,GNQ,2017,45.55556667
Eritrea,ERI,2004,37.77777778
Eritrea,ERI,2005,40
Eritrea,ERI,2006,42.22222222
Eritrea,ERI,2007,37.77777778
Eritrea,ERI,2008,37.77777778
Eritrea,ERI,2009,32.22222222
Eritrea,ERI,2010,32.22222222
Eritrea,ERI,2011,32.22222222
Eritrea,ERI,2012,32.22222222
Eritrea,ERI,2013,31.11111111
Eritrea,ERI,2014,31.11111111
Eritrea,ERI,2015,27.7778
Eritrea,ERI,2016,28.8889
Eritrea,ERI,2017,28.88886667
Estonia,EST,2016,77.7778
Estonia,EST,2017,50
Ethiopia,ETH,2004,66.66666667
Ethiopia,ETH,2005,67.77777778
Ethiopia,ETH,2006,64.44444444
Ethiopia,ETH,2007,67.77777778
Ethiopia,ETH,2008,78.88888889
Ethiopia,ETH,2009,80
Ethiopia,ETH,2010,80
Ethiopia,ETH,2011,73.33333333
Ethiopia,ETH,2012,65.55555556
Ethiopia,ETH,2013,66.66666667
Ethiopia,ETH,2014,61.11111111
Ethiopia,ETH,2015,68.8889
Ethiopia,ETH,2016,70.00003333
Ethiopia,ETH,2017,70.00003333
Fiji,FJI,2005,53.33333333
Fiji,FJI,2006,54.44444444
Fiji,FJI,2007,52.22222222
Fiji,FJI,2008,53.33333333
Fiji,FJI,2009,56.66666667
Fiji,FJI,2010,53.33333333
Fiji,FJI,2011,70
Fiji,FJI,2012,70
Fiji,FJI,2013,71.11111111
Fiji,FJI,2014,71.11111111
Fiji,FJI,2015,61.11113333
Fiji,FJI,2016,58.88886667
Fiji,FJI,2017,70
Gabon,GAB,2004,44.44444444
Gabon,GAB,2005,47.77777778
Gabon,GAB,2006,40
Gabon,GAB,2007,40
Gabon,GAB,2008,36.66666667
Gabon,GAB,2009,41.11111111
Gabon,GAB,2010,40
Gabon,GAB,2011,43.33333333
Gabon,GAB,2012,36.66666667
Gabon,GAB,2013,42.22222222
Gabon,GAB,2014,42.22222222
Gabon,GAB,2015,39.99996667
Gabon,GAB,2016,36.66663333
Gabon,GAB,2017,36.66663333
"Gambia, The",GMB,2004,63.33333333
"Gambia, The",GMB,2005,61.11111111
"Gambia, The",GMB,2006,64.44444444
"Gambia, The",GMB,2007,62.22222222
"Gambia, The",GMB,2008,62.22222222
"Gambia, The",GMB,2009,62.22222222
"Gambia, The",GMB,2010,67.77777778
"Gambia, The",GMB,2011,64.44444444
"Gambia, The",GMB,2012,67.77777778
"Gambia, The",GMB,2013,70
"Gambia, The",GMB,2014,66.66666667
"Gambia, The",GMB,2015,65.55556667
"Gambia, The",GMB,2016,64.44443333
"Gambia, The",GMB,2017,63.33333333
Georgia,GEO,2004,76.66666667
Georgia,GEO,2005,85.55555556
Georgia,GEO,2006,85.55555556
Georgia,GEO,2007,85.55555556
Georgia,GEO,2008,88.88888889
Georgia,GEO,2009,88.88888889
Georgia,GEO,2010,95.55555556
Georgia,GEO,2011,95.55555556
Georgia,GEO,2012,94.44444444
Georgia,GEO,2013,92.22222222
Georgia,GEO,2014,82.22222222
Georgia,GEO,2015,88.8889
Georgia,GEO,2016,88.8889
Georgia,GEO,2017,86.6667
Ghana,GHA,2004,51.11111111
Ghana,GHA,2005,53.33333333
Ghana,GHA,2006,55.55555556
Ghana,GHA,2007,55.55555556
Ghana,GHA,2008,58.88888889
Ghana,GHA,2009,58.88888889
Ghana,GHA,2010,65.55555556
Ghana,GHA,2011,62.22222222
Ghana,GHA,2012,58.88888889
Ghana,GHA,2013,62.22222222
Ghana,GHA,2014,62.22222222
Ghana,GHA,2015,65.55556667
Ghana,GHA,2016,68.8889
Ghana,GHA,2017,68.8889
Grenada,GRD,2005,52.22222222
Grenada,GRD,2006,56.66666667
Grenada,GRD,2007,50
Grenada,GRD,2008,46.66666667
Grenada,GRD,2009,46.66666667
Grenada,GRD,2010,43.33333333
Grenada,GRD,2011,44.44444444
Grenada,GRD,2012,47.77777778
Grenada,GRD,2013,51.11111111
Grenada,GRD,2014,44.44444444
Grenada,GRD,2015,51.11113333
Grenada,GRD,2016,51.11113333
Grenada,GRD,2017,53.33333333
Guatemala,GTM,2004,80
Guatemala,GTM,2005,77.77777778
Guatemala,GTM,2006,80
Guatemala,GTM,2007,80
Guatemala,GTM,2008,83.33333333
Guatemala,GTM,2009,85.55555556
Guatemala,GTM,2010,85.55555556
Guatemala,GTM,2011,85.55555556
Guatemala,GTM,2012,82.22222222
Guatemala,GTM,2013,76.66666667
Guatemala,GTM,2014,68.88888889
Guatemala,GTM,2015,72.22223333
Guatemala,GTM,2016,71.1111
Guatemala,GTM,2017,78.8889
Guinea,GIN,2004,66.66666667
Guinea,GIN,2005,62.22222222
Guinea,GIN,2006,57.77777778
Guinea,GIN,2007,61.11111111
Guinea,GIN,2008,55.55555556
Guinea,GIN,2009,54.44444444
Guinea,GIN,2010,57.77777778
Guinea,GIN,2011,58.88888889
Guinea,GIN,2012,57.77777778
Guinea,GIN,2013,52.22222222
Guinea,GIN,2014,52.22222222
Guinea,GIN,2015,53.33333333
Guinea,GIN,2016,55.55556667
Guinea,GIN,2017,52.22223333
Guinea-Bissau,GNB,2004,37.77777778
Guinea-Bissau,GNB,2005,33.33333333
Guinea-Bissau,GNB,2006,41.11111111
Guinea-Bissau,GNB,2007,34.44444444
Guinea-Bissau,GNB,2008,31.11111111
Guinea-Bissau,GNB,2009,33.33333333
Guinea-Bissau,GNB,2010,45.55555556
Guinea-Bissau,GNB,2011,48.88888889
Guinea-Bissau,GNB,2012,51.11111111
Guinea-Bissau,GNB,2013,50
Guinea-Bissau,GNB,2014,43.33333333
Guinea-Bissau,GNB,2015,44.44443333
Guinea-Bissau,GNB,2016,42.2222
Guinea-Bissau,GNB,2017,47.77776667
Guyana,GUY,2005,55.55555556
Guyana,GUY,2006,52.22222222
Guyana,GUY,2007,54.44444444
Guyana,GUY,2008,53.33333333
Guyana,GUY,2009,55.55555556
Guyana,GUY,2010,53.33333333
Guyana,GUY,2011,58.88888889
Guyana,GUY,2012,55.55555556
Guyana,GUY,2013,58.88888889
Guyana,GUY,2014,58.88888889
Guyana,GUY,2015,56.6667
Guyana,GUY,2016,57.7778
Guyana,GUY,2017,55.55553333
Haiti,HTI,2004,37.77777778
Haiti,HTI,2005,38.88888889
Haiti,HTI,2006,38.88888889
Haiti,HTI,2007,38.88888889
Haiti,HTI,2008,41.11111111
Haiti,HTI,2009,40
Haiti,HTI,2010,42.22222222
Haiti,HTI,2011,42.22222222
Haiti,HTI,2012,38.88888889
Haiti,HTI,2013,41.11111111
Haiti,HTI,2014,47.77777778
Haiti,HTI,2015,47.7778
Haiti,HTI,2016,38.8889
Haiti,HTI,2017,36.66666667
Honduras,HND,2004,62.22222222
Honduras,HND,2005,60
Honduras,HND,2006,58.88888889
Honduras,HND,2007,66.66666667
Honduras,HND,2008,70
Honduras,HND,2009,73.33333333
Honduras,HND,2010,75.55555556
Honduras,HND,2011,75.55555556
Honduras,HND,2012,68.88888889
Honduras,HND,2013,62.22222222
Honduras,HND,2014,73.33333333
Honduras,HND,2015,76.6667
Honduras,HND,2016,77.7778
Honduras,HND,2017,71.11113333
Hungary,HUN,2004,90
Hungary,HUN,2005,90
Hungary,HUN,2006,90
Hungary,HUN,2007,90
Hungary,HUN,2008,90
Hungary,HUN,2009,86.66666667
Hungary,HUN,2010,86.66666667
Hungary,HUN,2011,86.66666667
Hungary,HUN,2012,85.55555556
Hungary,HUN,2013,88.88888889
Hungary,HUN,2014,85.55555556
Hungary,HUN,2015,85.55556667
Hungary,HUN,2016,85.55556667
Hungary,HUN,2017,52.22223333
India,IND,2004,78.88888889
India,IND,2005,77.77777778
India,IND,2006,80
India,IND,2007,78.88888889
India,IND,2008,80
India,IND,2009,75.55555556
India,IND,2010,81.11111111
India,IND,2011,76.66666667
India,IND,2012,75.55555556
India,IND,2013,73.33333333
India,IND,2014,81.11111111
India,IND,2015,77.7778
India,IND,2016,81.11113333
India,IND,2017,91.11113333
Indonesia,IDN,2004,86.66666667
Indonesia,IDN,2005,84.44444444
Indonesia,IDN,2006,85.55555556
Indonesia,IDN,2007,90
Indonesia,IDN,2008,90
Indonesia,IDN,2009,86.66666667
Indonesia,IDN,2010,86.66666667
Indonesia,IDN,2011,83.33333333
Indonesia,IDN,2012,83.33333333
Indonesia,IDN,2013,80
Indonesia,IDN,2014,83.33333333
Indonesia,IDN,2015,84.44446667
Indonesia,IDN,2016,86.66666667
Indonesia,IDN,2017,86.66666667
"Iran, Islamic Rep.",IRN,2004,64.44444444
"Iran, Islamic Rep.",IRN,2005,72.22222222
"Iran, Islamic Rep.",IRN,2006,73.33333333
"Iran, Islamic Rep.",IRN,2007,80
"Iran, Islamic Rep.",IRN,2008,80
"Iran, Islamic Rep.",IRN,2009,81.11111111
"Iran, Islamic Rep.",IRN,2010,71.11111111
"Iran, Islamic Rep.",IRN,2011,68.88888889
"Iran, Islamic Rep.",IRN,2012,70
"Iran, Islamic Rep.",IRN,2013,70
"Iran, Islamic Rep.",IRN,2014,73.33333333
"Iran, Islamic Rep.",IRN,2015,73.33333333
"Iran, Islamic Rep.",IRN,2016,78.8889
"Iran, Islamic Rep.",IRN,2017,75.55556667
Iraq,IRQ,2004,32.22222222
Iraq,IRQ,2005,40
Iraq,IRQ,2006,40
Iraq,IRQ,2007,45.55555556
Iraq,IRQ,2008,51.11111111
Iraq,IRQ,2009,41.11111111
Iraq,IRQ,2010,41.11111111
Iraq,IRQ,2011,46.66666667
Iraq,IRQ,2012,50
Iraq,IRQ,2013,50
Iraq,IRQ,2014,46.66666667
Iraq,IRQ,2015,52.22223333
Iraq,IRQ,2016,50
Iraq,IRQ,2017,52.22223333
Jamaica,JAM,2004,76.66666667
Jamaica,JAM,2005,77.77777778
Jamaica,JAM,2006,76.66666667
Jamaica,JAM,2007,76.66666667
Jamaica,JAM,2008,71.11111111
Jamaica,JAM,2009,71.11111111
Jamaica,JAM,2010,74.44444444
Jamaica,JAM,2011,81.11111111
Jamaica,JAM,2012,78.88888889
Jamaica,JAM,2013,78.88888889
Jamaica,JAM,2014,78.88888889
Jamaica,JAM,2015,77.7778
Jamaica,JAM,2016,77.77776667
Jamaica,JAM,2017,71.1111
Jordan,JOR,2004,68.88888889
Jordan,JOR,2005,71.11111111
Jordan,JOR,2006,71.11111111
Jordan,JOR,2007,71.11111111
Jordan,JOR,2008,73.33333333
Jordan,JOR,2009,74.44444444
Jordan,JOR,2010,76.66666667
Jordan,JOR,2011,74.44444444
Jordan,JOR,2012,75.55555556
Jordan,JOR,2013,74.44444444
Jordan,JOR,2014,74.44444444
Jordan,JOR,2015,74.44446667
Jordan,JOR,2016,71.11113333
Jordan,JOR,2017,75.5556
Kazakhstan,KAZ,2004,86.66666667
Kazakhstan,KAZ,2005,87.77777778
Kazakhstan,KAZ,2006,88.88888889
Kazakhstan,KAZ,2007,95.55555556
Kazakhstan,KAZ,2008,95.55555556
Kazakhstan,KAZ,2009,94.44444444
Kazakhstan,KAZ,2010,95.55555556
Kazakhstan,KAZ,2011,92.22222222
Kazakhstan,KAZ,2012,94.44444444
Kazakhstan,KAZ,2013,94.44444444
Kazakhstan,KAZ,2014,88.88888889
Kazakhstan,KAZ,2015,90
Kazakhstan,KAZ,2016,92.22223333
Kazakhstan,KAZ,2017,95.55556667
Kenya,KEN,2004,64.44444444
Kenya,KEN,2005,58.88888889
Kenya,KEN,2006,58.88888889
Kenya,KEN,2007,62.22222222
Kenya,KEN,2008,64.44444444
Kenya,KEN,2009,62.22222222
Kenya,KEN,2010,62.22222222
Kenya,KEN,2011,61.11111111
Kenya,KEN,2012,57.77777778
Kenya,KEN,2013,52.22222222
Kenya,KEN,2014,54.44444444
Kenya,KEN,2015,54.44443333
Kenya,KEN,2016,55.55553333
Kenya,KEN,2017,57.77776667
Kiribati,KIR,2005,32.22222222
Kiribati,KIR,2006,36.66666667
Kiribati,KIR,2007,36.66666667
Kiribati,KIR,2008,35.55555556
Kiribati,KIR,2009,33.33333333
Kiribati,KIR,2010,36.66666667
Kiribati,KIR,2011,37.77777778
Kiribati,KIR,2012,37.77777778
Kiribati,KIR,2013,35.55555556
Kiribati,KIR,2014,35.55555556
Kiribati,KIR,2015,34.44443333
Kiribati,KIR,2016,39.99996667
Kiribati,KIR,2017,39.99996667
Kosovo,XKX,2013,30
Kosovo,XKX,2014,33.33333333
Kosovo,XKX,2015,40
Kosovo,XKX,2016,43.33333333
Kosovo,XKX,2017,43.33333333
Kyrgyz Republic,KGZ,2004,87.77777778
Kyrgyz Republic,KGZ,2005,91.11111111
Kyrgyz Republic,KGZ,2006,90
Kyrgyz Republic,KGZ,2007,91.11111111
Kyrgyz Republic,KGZ,2008,94.44444444
Kyrgyz Republic,KGZ,2009,91.11111111
Kyrgyz Republic,KGZ,2010,88.88888889
Kyrgyz Republic,KGZ,2011,84.44444444
Kyrgyz Republic,KGZ,2012,84.44444444
Kyrgyz Republic,KGZ,2013,84.44444444
Kyrgyz Republic,KGZ,2014,86.66666667
Kyrgyz Republic,KGZ,2015,82.22223333
Kyrgyz Republic,KGZ,2016,85.55556667
Kyrgyz Republic,KGZ,2017,90
Lao PDR,LAO,2004,68.88888889
Lao PDR,LAO,2005,70
Lao PDR,LAO,2006,70
Lao PDR,LAO,2007,68.88888889
Lao PDR,LAO,2008,67.77777778
Lao PDR,LAO,2009,67.77777778
Lao PDR,LAO,2010,70
Lao PDR,LAO,2011,65.55555556
Lao PDR,LAO,2012,70
Lao PDR,LAO,2013,72.22222222
Lao PDR,LAO,2014,73.33333333
Lao PDR,LAO,2015,71.11113333
Lao PDR,LAO,2016,64.44446667
Lao PDR,LAO,2017,67.7778
Latvia,LVA,2016,90
Latvia,LVA,2017,56.66666667
Lebanon,LBN,2004,42.22222222
Lebanon,LBN,2005,48.88888889
Lebanon,LBN,2006,48.88888889
Lebanon,LBN,2007,48.88888889
Lebanon,LBN,2008,54.44444444
Lebanon,LBN,2009,54.44444444
Lebanon,LBN,2010,56.66666667
Lebanon,LBN,2011,63.33333333
Lebanon,LBN,2012,66.66666667
Lebanon,LBN,2013,66.66666667
Lebanon,LBN,2014,62.22222222
Lebanon,LBN,2015,65.55553333
Lebanon,LBN,2016,63.33333333
Lebanon,LBN,2017,66.66663333
Lesotho,LSO,2004,71.11111111
Lesotho,LSO,2005,71.11111111
Lesotho,LSO,2006,70
Lesotho,LSO,2007,61.11111111
Lesotho,LSO,2008,61.11111111
Lesotho,LSO,2009,62.22222222
Lesotho,LSO,2010,65.55555556
Lesotho,LSO,2011,65.55555556
Lesotho,LSO,2012,72.22222222
Lesotho,LSO,2013,73.33333333
Lesotho,LSO,2014,72.22222222
Lesotho,LSO,2015,65.5556
Lesotho,LSO,2016,57.7778
Lesotho,LSO,2017,62.22223333
Liberia,LBR,2004,16.66666667
Liberia,LBR,2005,23.33333333
Liberia,LBR,2006,23.33333333
Liberia,LBR,2007,22.22222222
Liberia,LBR,2008,25.55555556
Liberia,LBR,2009,32.22222222
Liberia,LBR,2010,33.33333333
Liberia,LBR,2011,40
Liberia,LBR,2012,43.33333333
Liberia,LBR,2013,47.77777778
Liberia,LBR,2014,46.66666667
Liberia,LBR,2015,51.1111
Liberia,LBR,2016,57.77776667
Liberia,LBR,2017,60.00003333
Libya,LBY,2004,28.88888889
Libya,LBY,2005,42.22222222
Libya,LBY,2006,38.88888889
Libya,LBY,2007,41.11111111
Libya,LBY,2008,41.11111111
Libya,LBY,2009,38.88888889
Libya,LBY,2010,40.55555556
Libya,LBY,2011,35.55555556
Libya,LBY,2012,36.66666667
Libya,LBY,2013,27.77777778
Libya,LBY,2014,28.88888889
Libya,LBY,2015,22.2222
Libya,LBY,2016,22.2222
Libya,LBY,2017,22.2222
Lithuania,LTU,2016,83.33333333
Lithuania,LTU,2017,56.66666667
"Macedonia, FYR",MKD,2004,76.66666667
"Macedonia, FYR",MKD,2005,77.77777778
"Macedonia, FYR",MKD,2006,74.44444444
"Macedonia, FYR",MKD,2007,74.44444444
"Macedonia, FYR",MKD,2008,81.11111111
"Macedonia, FYR",MKD,2009,75.55555556
"Macedonia, FYR",MKD,2010,78.88888889
"Macedonia, FYR",MKD,2011,78.88888889
"Macedonia, FYR",MKD,2012,80
"Macedonia, FYR",MKD,2013,80
"Macedonia, FYR",MKD,2014,84.44444444
"Macedonia, FYR",MKD,2015,83.33333333
"Macedonia, FYR",MKD,2016,81.1111
"Macedonia, FYR",MKD,2017,81.11113333
Madagascar,MDG,2004,63.33333333
Madagascar,MDG,2005,63.33333333
Madagascar,MDG,2006,65.55555556
Madagascar,MDG,2007,65.55555556
Madagascar,MDG,2008,67.77777778
Madagascar,MDG,2009,67.77777778
Madagascar,MDG,2010,67.77777778
Madagascar,MDG,2011,66.66666667
Madagascar,MDG,2012,64.44444444
Madagascar,MDG,2013,63.33333333
Madagascar,MDG,2014,62.22222222
Madagascar,MDG,2015,58.8889
Madagascar,MDG,2016,62.22223333
Madagascar,MDG,2017,56.66666667
Malawi,MWI,2004,67.77777778
Malawi,MWI,2005,64.44444444
Malawi,MWI,2006,67.77777778
Malawi,MWI,2007,75.55555556
Malawi,MWI,2008,73.33333333
Malawi,MWI,2009,73.33333333
Malawi,MWI,2010,78.88888889
Malawi,MWI,2011,77.77777778
Malawi,MWI,2012,74.44444444
Malawi,MWI,2013,78.88888889
Malawi,MWI,2014,75.55555556
Malawi,MWI,2015,75.55556667
Malawi,MWI,2016,74.44446667
Malawi,MWI,2017,77.7778
Malaysia,MYS,2004,75.55555556
Malaysia,MYS,2005,78.88888889
Malaysia,MYS,2006,84.44444444
Malaysia,MYS,2007,81.11111111
Malaysia,MYS,2008,80
Malaysia,MYS,2009,84.44444444
Malaysia,MYS,2010,80
Malaysia,MYS,2011,76.66666667
Malaysia,MYS,2012,70
Malaysia,MYS,2013,71.11111111
Malaysia,MYS,2014,74.44444444
Malaysia,MYS,2015,74.44443333
Malaysia,MYS,2016,77.77776667
Malaysia,MYS,2017,81.1111
Maldives,MDV,2005,71.11111111
Maldives,MDV,2006,71.11111111
Maldives,MDV,2007,64.44444444
Maldives,MDV,2008,68.88888889
Maldives,MDV,2009,61.11111111
Maldives,MDV,2010,65.55555556
Maldives,MDV,2011,66.66666667
Maldives,MDV,2012,71.11111111
Maldives,MDV,2013,68.88888889
Maldives,MDV,2014,66.66666667
Maldives,MDV,2015,55.55553333
Maldives,MDV,2016,50
Maldives,MDV,2017,52.2222
Mali,MLI,2004,55.55555556
Mali,MLI,2005,57.77777778
Mali,MLI,2006,68.88888889
Mali,MLI,2007,67.77777778
Mali,MLI,2008,61.11111111
Mali,MLI,2009,63.33333333
Mali,MLI,2010,63.33333333
Mali,MLI,2011,63.33333333
Mali,MLI,2012,66.66666667
Mali,MLI,2013,67.77777778
Mali,MLI,2014,66.66666667
Mali,MLI,2015,65.55556667
Mali,MLI,2016,65.55556667
Mali,MLI,2017,65.55556667
Marshall Islands,MHL,2005,32.22222222
Marshall Islands,MHL,2006,32.22222222
Marshall Islands,MHL,2007,36.66666667
Marshall Islands,MHL,2008,41.11111111
Marshall Islands,MHL,2009,41.11111111
Marshall Islands,MHL,2010,41.11111111
Marshall Islands,MHL,2011,46.66666667
Marshall Islands,MHL,2012,53.33333333
Marshall Islands,MHL,2013,53.33333333
Marshall Islands,MHL,2014,46.66666667
Marshall Islands,MHL,2015,37.77776667
Marshall Islands,MHL,2016,28.8889
Marshall Islands,MHL,2017,32.2222
Mauritania,MRT,2004,55.55555556
Mauritania,MRT,2005,54.44444444
Mauritania,MRT,2006,61.11111111
Mauritania,MRT,2007,61.11111111
Mauritania,MRT,2008,57.77777778
Mauritania,MRT,2009,65.55555556
Mauritania,MRT,2010,62.22222222
Mauritania,MRT,2011,63.33333333
Mauritania,MRT,2012,56.66666667
Mauritania,MRT,2013,60
Mauritania,MRT,2014,58.88888889
Mauritania,MRT,2015,66.6667
Mauritania,MRT,2016,58.88893333
Mauritania,MRT,2017,56.6667
Mauritius,MUS,2004,70
Mauritius,MUS,2005,67.77777778
Mauritius,MUS,2006,67.77777778
Mauritius,MUS,2007,67.77777778
Mauritius,MUS,2008,71.11111111
Mauritius,MUS,2009,70
Mauritius,MUS,2010,70
Mauritius,MUS,2011,73.33333333
Mauritius,MUS,2012,80
Mauritius,MUS,2013,75.55555556
Mauritius,MUS,2014,85.55555556
Mauritius,MUS,2015,93.33336667
Mauritius,MUS,2016,91.11113333
Mauritius,MUS,2017,85.55556667
Mexico,MEX,2004,74.44444444
Mexico,MEX,2005,72.22222222
Mexico,MEX,2006,68.88888889
Mexico,MEX,2007,70
Mexico,MEX,2008,76.66666667
Mexico,MEX,2009,80
Mexico,MEX,2010,85.55555556
Mexico,MEX,2011,88.88888889
Mexico,MEX,2012,87.77777778
Mexico,MEX,2013,87.77777778
Mexico,MEX,2014,85.55555556
Mexico,MEX,2015,92.22223333
Mexico,MEX,2016,98.8889
Mexico,MEX,2017,93.33336667
"Micronesia, Fed. Sts.",FSM,2005,30
"Micronesia, Fed. Sts.",FSM,2006,31.11111111
"Micronesia, Fed. Sts.",FSM,2007,31.11111111
"Micronesia, Fed. Sts.",FSM,2008,34.44444444
"Micronesia, Fed. Sts.",FSM,2009,34.44444444
"Micronesia, Fed. Sts.",FSM,2010,27.77777778
"Micronesia, Fed. Sts.",FSM,2011,27.77777778
"Micronesia, Fed. Sts.",FSM,2012,37.77777778
"Micronesia, Fed. Sts.",FSM,2013,37.77777778
"Micronesia, Fed. Sts.",FSM,2014,36.66666667
"Micronesia, Fed. Sts.",FSM,2015,35.55556667
"Micronesia, Fed. Sts.",FSM,2016,32.22223333
"Micronesia, Fed. Sts.",FSM,2017,32.22223333
Moldova,MDA,2004,74.44444444
Moldova,MDA,2005,83.33333333
Moldova,MDA,2006,86.66666667
Moldova,MDA,2007,86.66666667
Moldova,MDA,2008,86.66666667
Moldova,MDA,2009,84.44444444
Moldova,MDA,2010,84.44444444
Moldova,MDA,2011,84.44444444
Moldova,MDA,2012,91.11111111
Moldova,MDA,2013,94.44444444
Moldova,MDA,2014,94.44444444
Moldova,MDA,2015,95.55556667
Moldova,MDA,2016,95.55556667
Moldova,MDA,2017,92.22223333
Mongolia,MNG,2004,72.22222222
Mongolia,MNG,2005,78.88888889
Mongolia,MNG,2006,78.88888889
Mongolia,MNG,2007,80
Mongolia,MNG,2008,80
Mongolia,MNG,2009,75.55555556
Mongolia,MNG,2010,74.44444444
Mongolia,MNG,2011,77.77777778
Mongolia,MNG,2012,77.77777778
Mongolia,MNG,2013,83.33333333
Mongolia,MNG,2014,83.33333333
Mongolia,MNG,2015,74.44443333
Mongolia,MNG,2016,82.2222
Mongolia,MNG,2017,78.88886667
Montenegro,MNE,2004,53.33333333
Montenegro,MNE,2005,52.22333333
Montenegro,MNE,2006,53.33333333
Montenegro,MNE,2007,57.77777778
Montenegro,MNE,2008,60
Montenegro,MNE,2009,56.66666667
Montenegro,MNE,2010,57.77777778
Montenegro,MNE,2011,67.77777778
Montenegro,MNE,2012,67.77777778
Montenegro,MNE,2013,72.22222222
Montenegro,MNE,2014,75.55555556
Montenegro,MNE,2015,72.22223333
Montenegro,MNE,2016,72.22223333
Montenegro,MNE,2017,76.6667
Morocco,MAR,2004,80
Morocco,MAR,2005,78.88888889
Morocco,MAR,2006,82.22222222
Morocco,MAR,2007,82.22222222
Morocco,MAR,2008,80
Morocco,MAR,2009,82.22222222
Morocco,MAR,2010,77.77777778
Morocco,MAR,2011,75.55555556
Morocco,MAR,2012,72.22222222
Morocco,MAR,2013,78.88888889
Morocco,MAR,2014,78.88888889
Morocco,MAR,2015,81.11113333
Morocco,MAR,2016,84.44446667
Morocco,MAR,2017,76.66663333
Mozambique,MOZ,2004,67.77777778
Mozambique,MOZ,2005,70
Mozambique,MOZ,2006,70
Mozambique,MOZ,2007,68.88888889
Mozambique,MOZ,2008,68.88888889
Mozambique,MOZ,2009,72.22222222
Mozambique,MOZ,2010,72.22222222
Mozambique,MOZ,2011,72.22222222
Mozambique,MOZ,2012,77.77777778
Mozambique,MOZ,2013,77.77777778
Mozambique,MOZ,2014,74.44444444
Mozambique,MOZ,2015,72.22223333
Mozambique,MOZ,2016,71.1111
Mozambique,MOZ,2017,68.8889
Myanmar,MMR,2004,60
Myanmar,MMR,2005,62.22222222
Myanmar,MMR,2006,61.11111111
Myanmar,MMR,2007,57.77777778
Myanmar,MMR,2008,57.77777778
Myanmar,MMR,2009,48.88888889
Myanmar,MMR,2010,52.22222222
Myanmar,MMR,2011,51.11111111
Myanmar,MMR,2012,48.88888889
Myanmar,MMR,2013,50
Myanmar,MMR,2014,46.66666667
Myanmar,MMR,2015,55.55553333
Myanmar,MMR,2016,55.55553333
Myanmar,MMR,2017,64.4444
Namibia,NAM,2004,58.88888889
Namibia,NAM,2005,58.88888889
Namibia,NAM,2006,56.66666667
Namibia,NAM,2007,58.88888889
Namibia,NAM,2008,56.66666667
Namibia,NAM,2009,50
Namibia,NAM,2010,52.22222222
Namibia,NAM,2011,57.77777778
Namibia,NAM,2012,56.66666667
Namibia,NAM,2013,54.44444444
Namibia,NAM,2014,48.88888889
Namibia,NAM,2015,47.7778
Namibia,NAM,2016,58.88893333
Namibia,NAM,2017,56.66666667
Nepal,NPL,2004,72.22222222
Nepal,NPL,2005,75.55555556
Nepal,NPL,2006,80
Nepal,NPL,2007,74.44444444
Nepal,NPL,2008,67.77777778
Nepal,NPL,2009,67.77777778
Nepal,NPL,2010,64.44444444
Nepal,NPL,2011,63.33333333
Nepal,NPL,2012,66.66666667
Nepal,NPL,2013,61.11111111
Nepal,NPL,2014,65.55555556
Nepal,NPL,2015,72.22223333
Nepal,NPL,2016,70.00003333
Nepal,NPL,2017,73.33333333
Nicaragua,NIC,2004,78.88888889
Nicaragua,NIC,2005,83.33333333
Nicaragua,NIC,2006,76.66666667
Nicaragua,NIC,2007,76.66666667
Nicaragua,NIC,2008,70
Nicaragua,NIC,2009,72.22222222
Nicaragua,NIC,2010,75.55555556
Nicaragua,NIC,2011,71.11111111
Nicaragua,NIC,2012,68.88888889
Nicaragua,NIC,2013,65.55555556
Nicaragua,NIC,2014,65.55555556
Nicaragua,NIC,2015,70
Nicaragua,NIC,2016,70
Nicaragua,NIC,2017,68.8889
Niger,NER,2004,64.44444444
Niger,NER,2005,65.55555556
Niger,NER,2006,68.88888889
Niger,NER,2007,68.88888889
Niger,NER,2008,61.11111111
Niger,NER,2009,62.22222222
Niger,NER,2010,67.77777778
Niger,NER,2011,71.11111111
Niger,NER,2012,70
Niger,NER,2013,72.22222222
Niger,NER,2014,67.77777778
Niger,NER,2015,71.11113333
Niger,NER,2016,71.11113333
Niger,NER,2017,72.22223333
Nigeria,NGA,2004,44.44444444
Nigeria,NGA,2005,50
Nigeria,NGA,2006,47.77777778
Nigeria,NGA,2007,60
Nigeria,NGA,2008,67.77777778
Nigeria,NGA,2009,66.66666667
Nigeria,NGA,2010,68.88888889
Nigeria,NGA,2011,73.33333333
Nigeria,NGA,2012,74.44444444
Nigeria,NGA,2013,72.22222222
Nigeria,NGA,2014,72.22222222
Nigeria,NGA,2015,71.1111
Nigeria,NGA,2016,67.77776667
Nigeria,NGA,2017,63.33333333
Pakistan,PAK,2004,73.33333333
Pakistan,PAK,2005,80
Pakistan,PAK,2006,81.11111111
Pakistan,PAK,2007,85.55555556
Pakistan,PAK,2008,84.44444444
Pakistan,PAK,2009,83.33333333
Pakistan,PAK,2010,76.66666667
Pakistan,PAK,2011,74.44444444
Pakistan,PAK,2012,71.11111111
Pakistan,PAK,2013,67.77777778
Pakistan,PAK,2014,74.44444444
Pakistan,PAK,2015,75.55556667
Pakistan,PAK,2016,75.55556667
Pakistan,PAK,2017,75.55556667
Palau,PLW,2005,36.66666667
Palau,PLW,2006,37.77777778
Palau,PLW,2007,34.44444444
Palau,PLW,2008,34.44444444
Palau,PLW,2009,34.44444444
Palau,PLW,2010,34.44444444
Palau,PLW,2011,30
Palau,PLW,2012,33.33333333
Palau,PLW,2013,33.33333333
Palau,PLW,2014,36.66666667
Palau,PLW,2015,42.2222
Palau,PLW,2016,48.88886667
Palau,PLW,2017,45.55553333
Panama,PAN,2004,75.55555556
Panama,PAN,2005,75.55555556
Panama,PAN,2006,75.55555556
Panama,PAN,2007,76.66666667
Panama,PAN,2008,73.33333333
Panama,PAN,2009,76.66666667
Panama,PAN,2010,78.88888889
Panama,PAN,2011,74.44444444
Panama,PAN,2012,75.55555556
Panama,PAN,2013,75.55555556
Panama,PAN,2014,82.22222222
Panama,PAN,2015,78.8889
Panama,PAN,2016,73.33336667
Panama,PAN,2017,68.8889
Papua New Guinea,PNG,2004,46.66666667
Papua New Guinea,PNG,2005,48.88888889
Papua New Guinea,PNG,2006,52.22222222
Papua New Guinea,PNG,2007,47.77777778
Papua New Guinea,PNG,2008,44.44444444
Papua New Guinea,PNG,2009,48.88888889
Papua New Guinea,PNG,2010,41.11111111
Papua New Guinea,PNG,2011,37.77777778
Papua New Guinea,PNG,2012,37.77777778
Papua New Guinea,PNG,2013,37.77777778
Papua New Guinea,PNG,2014,46.66666667
Papua New Guinea,PNG,2015,45.55556667
Papua New Guinea,PNG,2016,50
Papua New Guinea,PNG,2017,43.33333333
Paraguay,PRY,2004,58.88888889
Paraguay,PRY,2005,62.22222222
Paraguay,PRY,2006,62.22222222
Paraguay,PRY,2007,65.55555556
Paraguay,PRY,2008,66.66666667
Paraguay,PRY,2009,71.11111111
Paraguay,PRY,2010,70
Paraguay,PRY,2011,70
Paraguay,PRY,2012,70
Paraguay,PRY,2013,71.11111111
Paraguay,PRY,2014,71.11111111
Paraguay,PRY,2015,72.22223333
Paraguay,PRY,2016,70.00003333
Paraguay,PRY,2017,67.77776667
Peru,PER,2004,93.33333333
Peru,PER,2005,84.44444444
Peru,PER,2006,80
Peru,PER,2007,78.88888889
Peru,PER,2008,80
Peru,PER,2009,81.11111111
Peru,PER,2010,81.11111111
Peru,PER,2011,81.11111111
Peru,PER,2012,83.33333333
Peru,PER,2013,88.88888889
Peru,PER,2014,98.88888889
Peru,PER,2015,93.33333333
Peru,PER,2016,93.33333333
Peru,PER,2017,90
Philippines,PHL,2004,81.11111111
Philippines,PHL,2005,86.66666667
Philippines,PHL,2006,83.33333333
Philippines,PHL,2007,88.88888889
Philippines,PHL,2008,92.22222222
Philippines,PHL,2009,92.22222222
Philippines,PHL,2010,88.88888889
Philippines,PHL,2011,88.88888889
Philippines,PHL,2012,83.33333333
Philippines,PHL,2013,84.44444444
Philippines,PHL,2014,77.77777778
Philippines,PHL,2015,82.2222
Philippines,PHL,2016,82.2222
Philippines,PHL,2017,82.2222
Poland,POL,2004,83.33333333
Poland,POL,2005,86.66666667
Poland,POL,2006,86.66666667
Poland,POL,2007,86.66666667
Poland,POL,2008,86.66666667
Poland,POL,2009,86.66666667
Poland,POL,2010,85.55555556
Poland,POL,2011,82.22222222
Poland,POL,2012,82.22222222
Poland,POL,2013,84.44444444
Poland,POL,2014,78.88888889
Poland,POL,2015,85.55556667
Poland,POL,2016,77.7778
Poland,POL,2017,77.7778
Romania,ROU,2004,88.88888889
Romania,ROU,2005,93.33333333
Romania,ROU,2006,96.66666667
Romania,ROU,2007,96.66666667
Romania,ROU,2008,96.66666667
Romania,ROU,2009,95.55555556
Romania,ROU,2010,95.55555556
Romania,ROU,2011,95.55555556
Romania,ROU,2012,92.22222222
Romania,ROU,2013,86.66666667
Romania,ROU,2014,87.77777778
Romania,ROU,2015,82.22223333
Romania,ROU,2016,77.7778
Romania,ROU,2017,81.11113333
Rwanda,RWA,2004,61.11111111
Rwanda,RWA,2005,63.33333333
Rwanda,RWA,2006,64.44444444
Rwanda,RWA,2007,66.66666667
Rwanda,RWA,2008,66.66666667
Rwanda,RWA,2009,74.44444444
Rwanda,RWA,2010,67.77777778
Rwanda,RWA,2011,67.77777778
Rwanda,RWA,2012,76.66666667
Rwanda,RWA,2013,73.33333333
Rwanda,RWA,2014,78.88888889
Rwanda,RWA,2015,73.33336667
Rwanda,RWA,2016,70.00003333
Rwanda,RWA,2017,77.7778
Samoa,WSM,2005,55.55555556
Samoa,WSM,2006,52.22222222
Samoa,WSM,2007,50
Samoa,WSM,2008,51.11111111
Samoa,WSM,2009,53.33333333
Samoa,WSM,2010,48.88888889
Samoa,WSM,2011,48.88888889
Samoa,WSM,2012,51.11111111
Samoa,WSM,2013,53.33333333
Samoa,WSM,2014,53.33333333
Samoa,WSM,2015,53.33336667
Samoa,WSM,2016,54.44446667
Samoa,WSM,2017,57.7778
Sao Tome and Principe,STP,2005,51.11111111
Sao Tome and Principe,STP,2006,51.11111111
Sao Tome and Principe,STP,2007,60
Sao Tome and Principe,STP,2008,60
Sao Tome and Principe,STP,2009,65.55555556
Sao Tome and Principe,STP,2010,61.11111111
Sao Tome and Principe,STP,2011,61.11111111
Sao Tome and Principe,STP,2012,63.33333333
Sao Tome and Principe,STP,2013,70
Sao Tome and Principe,STP,2014,68.88888889
Sao Tome and Principe,STP,2015,65.55556667
Sao Tome and Principe,STP,2016,60.00003333
Sao Tome and Principe,STP,2017,70
Senegal,SEN,2004,78.88888889
Senegal,SEN,2005,76.66666667
Senegal,SEN,2006,73.33333333
Senegal,SEN,2007,77.77777778
Senegal,SEN,2008,72.22222222
Senegal,SEN,2009,70
Senegal,SEN,2010,73.33333333
Senegal,SEN,2011,66.66666667
Senegal,SEN,2012,63.33333333
Senegal,SEN,2013,71.11111111
Senegal,SEN,2014,73.33333333
Senegal,SEN,2015,75.55556667
Senegal,SEN,2016,75.55556667
Senegal,SEN,2017,76.66666667
Serbia,SRB,2004,53.33333333
Serbia,SRB,2005,62.22
Serbia,SRB,2006,64.44333333
Serbia,SRB,2007,68.88666667
Serbia,SRB,2008,68.88666667
Serbia,SRB,2009,75.55333333
Serbia,SRB,2010,75.55333333
Serbia,SRB,2011,83.33333333
Serbia,SRB,2012,83.33333333
Serbia,SRB,2013,91.11111111
Serbia,SRB,2014,92.33333333
Serbia,SRB,2015,90
Serbia,SRB,2016,90
Serbia,SRB,2017,93.33333333
Seychelles,SYC,2005,61.11111111
Seychelles,SYC,2006,61.11111111
Seychelles,SYC,2007,64.44444444
Seychelles,SYC,2008,65.55555556
Seychelles,SYC,2009,65.55555556
Seychelles,SYC,2010,58.88888889
Seychelles,SYC,2011,56.66666667
Seychelles,SYC,2012,63.33333333
Seychelles,SYC,2013,65.55555556
Seychelles,SYC,2014,62.22222222
Seychelles,SYC,2015,65.55553333
Seychelles,SYC,2016,69.99996667
Seychelles,SYC,2017,78.88886667
Sierra Leone,SLE,2004,30
Sierra Leone,SLE,2005,40
Sierra Leone,SLE,2006,43.33333333
Sierra Leone,SLE,2007,47.77777778
Sierra Leone,SLE,2008,46.66666667
Sierra Leone,SLE,2009,52.22222222
Sierra Leone,SLE,2010,52.22222222
Sierra Leone,SLE,2011,48.88888889
Sierra Leone,SLE,2012,54.44444444
Sierra Leone,SLE,2013,58.88888889
Sierra Leone,SLE,2014,58.88888889
Sierra Leone,SLE,2015,63.33336667
Sierra Leone,SLE,2016,63.33336667
Sierra Leone,SLE,2017,58.8889
Slovak Republic,SVK,2004,88.88888889
Slovak Republic,SVK,2005,85.55555556
Slovak Republic,SVK,2006,84.44444444
Slovak Republic,SVK,2007,84.44444444
Slovak Republic,SVK,2008,85.55555556
Slovak Republic,SVK,2009,83.33333333
Slovak Republic,SVK,2010,83.33333333
Slovak Republic,SVK,2011,83.33333333
Slovak Republic,SVK,2012,83.33333333
Slovak Republic,SVK,2013,86.66666667
Slovak Republic,SVK,2014,83.33333333
Slovak Republic,SVK,2015,86.66666667
Slovak Republic,SVK,2016,83.33333333
Slovak Republic,SVK,2017,56.66666667
Solomon Islands,SLB,2005,31.11111111
Solomon Islands,SLB,2006,31.11111111
Solomon Islands,SLB,2007,31.11111111
Solomon Islands,SLB,2008,30
Solomon Islands,SLB,2009,33.33333333
Solomon Islands,SLB,2010,40
Solomon Islands,SLB,2011,42.22222222
Solomon Islands,SLB,2012,42.22222222
Solomon Islands,SLB,2013,50
Solomon Islands,SLB,2014,53.33333333
Solomon Islands,SLB,2015,48.88886667
Solomon Islands,SLB,2016,48.88886667
Solomon Islands,SLB,2017,52.2222
Somalia,SOM,2004,22.22222222
Somalia,SOM,2005,22.22222222
Somalia,SOM,2006,23.33333333
Somalia,SOM,2007,26.66666667
Somalia,SOM,2008,23.33333333
Somalia,SOM,2009,24.44444444
Somalia,SOM,2010,26.66666667
Somalia,SOM,2011,23.33333333
Somalia,SOM,2012,26.66666667
Somalia,SOM,2013,24.44444444
Somalia,SOM,2014,20
Somalia,SOM,2015,20
Somalia,SOM,2016,20
Somalia,SOM,2017,23.33333333
South Africa,ZAF,2004,86.66666667
South Africa,ZAF,2005,86.66666667
South Africa,ZAF,2006,90
South Africa,ZAF,2007,91.11111111
South Africa,ZAF,2008,86.66666667
South Africa,ZAF,2009,81.11111111
South Africa,ZAF,2010,82.22222222
South Africa,ZAF,2011,81.11111111
South Africa,ZAF,2012,72.22222222
South Africa,ZAF,2013,76.66666667
South Africa,ZAF,2014,74.44444444
South Africa,ZAF,2015,81.1111
South Africa,ZAF,2016,82.22223333
South Africa,ZAF,2017,75.55556667
South Sudan,SSD,2013,26.11111111
South Sudan,SSD,2014,29.44444444
South Sudan,SSD,2015,34.44446667
South Sudan,SSD,2016,37.7778
South Sudan,SSD,2017,43.33333333
Sri Lanka,LKA,2004,75.55555556
Sri Lanka,LKA,2005,76.66666667
Sri Lanka,LKA,2006,73.33333333
Sri Lanka,LKA,2007,77.77777778
Sri Lanka,LKA,2008,74.44444444
Sri Lanka,LKA,2009,75.55555556
Sri Lanka,LKA,2010,76.66666667
Sri Lanka,LKA,2011,76.66666667
Sri Lanka,LKA,2012,78.88888889
Sri Lanka,LKA,2013,78.88888889
Sri Lanka,LKA,2014,78.88888889
Sri Lanka,LKA,2015,73.33333333
Sri Lanka,LKA,2016,83.33333333
Sri Lanka,LKA,2017,83.33333333
St. Kitts and Nevis,KNA,2005,54.44444444
St. Kitts and Nevis,KNA,2006,60
St. Kitts and Nevis,KNA,2007,63.33333333
St. Kitts and Nevis,KNA,2008,61.11111111
St. Kitts and Nevis,KNA,2009,61.11111111
St. Kitts and Nevis,KNA,2010,61.11111111
St. Kitts and Nevis,KNA,2011,61.11111111
St. Kitts and Nevis,KNA,2012,54.44444444
St. Kitts and Nevis,KNA,2013,50
St. Kitts and Nevis,KNA,2014,52.22222222
St. Kitts and Nevis,KNA,2015,56.66666667
St. Kitts and Nevis,KNA,2016,53.33333333
St. Kitts and Nevis,KNA,2017,50
St. Lucia,LCA,2005,60
St. Lucia,LCA,2006,60
St. Lucia,LCA,2007,61.11111111
St. Lucia,LCA,2008,57.77777778
St. Lucia,LCA,2009,56.66666667
St. Lucia,LCA,2010,60
St. Lucia,LCA,2011,60
St. Lucia,LCA,2012,63.33333333
St. Lucia,LCA,2013,63.33333333
St. Lucia,LCA,2014,66.66666667
St. Lucia,LCA,2015,61.1111
St. Lucia,LCA,2016,64.44443333
St. Lucia,LCA,2017,57.77776667
St. Vincent and the Grenadines,VCT,2005,60
St. Vincent and the Grenadines,VCT,2006,62.22222222
St. Vincent and the Grenadines,VCT,2007,62.22222222
St. Vincent and the Grenadines,VCT,2008,54.44444444
St. Vincent and the Grenadines,VCT,2009,51.11111111
St. Vincent and the Grenadines,VCT,2010,54.44444444
St. Vincent and the Grenadines,VCT,2011,53.33333333
St. Vincent and the Grenadines,VCT,2012,53.33333333
St. Vincent and the Grenadines,VCT,2013,46.66666667
St. Vincent and the Grenadines,VCT,2014,55.55555556
St. Vincent and the Grenadines,VCT,2015,55.55556667
St. Vincent and the Grenadines,VCT,2016,60
St. Vincent and the Grenadines,VCT,2017,56.66666667
Sudan,SDN,2004,35.55555556
Sudan,SDN,2005,31.11111111
Sudan,SDN,2006,33.33333333
Sudan,SDN,2007,36.66666667
Sudan,SDN,2008,35.55555556
Sudan,SDN,2009,42.22222222
Sudan,SDN,2010,44.44444444
Sudan,SDN,2011,44.44444444
Sudan,SDN,2012,43.33333333
Sudan,SDN,2013,40
Sudan,SDN,2014,43.33333333
Sudan,SDN,2015,51.1111
Sudan,SDN,2016,63.33336667
Sudan,SDN,2017,66.66666667
Suriname,SUR,2005,50
Suriname,SUR,2006,51.11111111
Suriname,SUR,2007,55.55555556
Suriname,SUR,2008,55.55555556
Suriname,SUR,2009,70
Suriname,SUR,2010,71.11111111
Suriname,SUR,2011,73.33333333
Suriname,SUR,2012,64.44444444
Suriname,SUR,2013,63.33333333
Suriname,SUR,2014,63.33333333
Suriname,SUR,2015,62.22226667
Suriname,SUR,2016,65.55556667
Suriname,SUR,2017,72.22223333
Swaziland,SWZ,2004,65.55555556
Swaziland,SWZ,2005,65.55555556
Swaziland,SWZ,2006,66.66666667
Swaziland,SWZ,2007,60
Swaziland,SWZ,2008,61.11111111
Swaziland,SWZ,2009,64.44444444
Swaziland,SWZ,2010,67.77777778
Swaziland,SWZ,2011,64.44444444
Swaziland,SWZ,2012,65.55555556
Swaziland,SWZ,2013,60
Swaziland,SWZ,2014,60
Swaziland,SWZ,2015,58.8889
Swaziland,SWZ,2016,55.55556667
Swaziland,SWZ,2017,58.8889
Syrian Arab Republic,SYR,2004,57.77777778
Syrian Arab Republic,SYR,2005,61.11111111
Syrian Arab Republic,SYR,2006,61.11111111
Syrian Arab Republic,SYR,2007,56.66666667
Syrian Arab Republic,SYR,2008,62.22222222
Syrian Arab Republic,SYR,2009,54.44444444
Syrian Arab Republic,SYR,2010,56.66666667
Syrian Arab Republic,SYR,2011,60
Syrian Arab Republic,SYR,2012,52.22222222
Syrian Arab Republic,SYR,2013,43.33333333
Syrian Arab Republic,SYR,2014,44.44444444
Syrian Arab Republic,SYR,2015,47.77776667
Syrian Arab Republic,SYR,2016,37.7778
Syrian Arab Republic,SYR,2017,32.22223333
Tajikistan,TJK,2004,72.22222222
Tajikistan,TJK,2005,74.44444444
Tajikistan,TJK,2006,71.11111111
Tajikistan,TJK,2007,72.22222222
Tajikistan,TJK,2008,73.33333333
Tajikistan,TJK,2009,77.77777778
Tajikistan,TJK,2010,74.44444444
Tajikistan,TJK,2011,75.55555556
Tajikistan,TJK,2012,75.55555556
Tajikistan,TJK,2013,75.55555556
Tajikistan,TJK,2014,75.55555556
Tajikistan,TJK,2015,81.11113333
Tajikistan,TJK,2016,81.11113333
Tajikistan,TJK,2017,77.7778
Tanzania,TZA,2004,67.77777778
Tanzania,TZA,2005,63.33333333
Tanzania,TZA,2006,61.11111111
Tanzania,TZA,2007,61.11111111
Tanzania,TZA,2008,65.55555556
Tanzania,TZA,2009,63.33333333
Tanzania,TZA,2010,67.77777778
Tanzania,TZA,2011,72.22222222
Tanzania,TZA,2012,72.22222222
Tanzania,TZA,2013,72.22222222
Tanzania,TZA,2014,72.22222222
Tanzania,TZA,2015,75.5556
Tanzania,TZA,2016,73.33336667
Tanzania,TZA,2017,71.1111
Thailand,THA,2004,82.22222222
Thailand,THA,2005,82.22222222
Thailand,THA,2006,82.22222222
Thailand,THA,2007,81.11111111
Thailand,THA,2008,81.11111111
Thailand,THA,2009,80
Thailand,THA,2010,80
Thailand,THA,2011,83.33333333
Thailand,THA,2012,82.22222222
Thailand,THA,2013,80
Thailand,THA,2014,83.33333333
Thailand,THA,2015,85.55556667
Thailand,THA,2016,85.55556667
Thailand,THA,2017,90
Timor-Leste,TLS,2005,32.22222222
Timor-Leste,TLS,2006,32.22222222
Timor-Leste,TLS,2007,35.55555556
Timor-Leste,TLS,2008,42.22222222
Timor-Leste,TLS,2009,45.55555556
Timor-Leste,TLS,2010,55.55555556
Timor-Leste,TLS,2011,52.22222222
Timor-Leste,TLS,2012,46.66666667
Timor-Leste,TLS,2013,53.33333333
Timor-Leste,TLS,2014,64.44444444
Timor-Leste,TLS,2015,62.22223333
Timor-Leste,TLS,2016,66.66666667
Timor-Leste,TLS,2017,64.44443333
Togo,TGO,2004,52.22222222
Togo,TGO,2005,50
Togo,TGO,2006,53.33333333
Togo,TGO,2007,54.44444444
Togo,TGO,2008,47.77777778
Togo,TGO,2009,47.77777778
Togo,TGO,2010,51.11111111
Togo,TGO,2011,54.44444444
Togo,TGO,2012,56.66666667
Togo,TGO,2013,63.33333333
Togo,TGO,2014,64.44444444
Togo,TGO,2015,65.55556667
Togo,TGO,2016,68.8889
Togo,TGO,2017,70
Tonga,TON,2005,53.33333333
Tonga,TON,2006,52.22222222
Tonga,TON,2007,56.66666667
Tonga,TON,2008,57.77777778
Tonga,TON,2009,58.88888889
Tonga,TON,2010,58.88888889
Tonga,TON,2011,58.88888889
Tonga,TON,2012,58.88888889
Tonga,TON,2013,46.66666667
Tonga,TON,2014,50
Tonga,TON,2015,47.77776667
Tonga,TON,2016,52.2222
Tonga,TON,2017,52.2222
Trinidad and Tobago,TTO,2004,63.33333333
Trinidad and Tobago,TTO,2005,71.11111111
Trinidad and Tobago,TTO,2006,73.33333333
Trinidad and Tobago,TTO,2007,75.55555556
Trinidad and Tobago,TTO,2008,75.55555556
Trinidad and Tobago,TTO,2009,67.77777778
Trinidad and Tobago,TTO,2010,71.11111111
Trinidad and Tobago,TTO,2011,71.11111111
Trinidad and Tobago,TTO,2012,67.77777778
Trinidad and Tobago,TTO,2013,70
Trinidad and Tobago,TTO,2014,62.22222222
Trinidad and Tobago,TTO,2015,56.66666667
Trinidad and Tobago,TTO,2016,61.1111
Trinidad and Tobago,TTO,2017,46.66666667
Tunisia,TUN,2004,72.22222222
Tunisia,TUN,2005,77.77777778
Tunisia,TUN,2006,76.66666667
Tunisia,TUN,2007,76.66666667
Tunisia,TUN,2008,74.44444444
Tunisia,TUN,2009,76.66666667
Tunisia,TUN,2010,78.88888889
Tunisia,TUN,2011,77.77777778
Tunisia,TUN,2012,74.44444444
Tunisia,TUN,2013,73.33333333
Tunisia,TUN,2014,72.22222222
Tunisia,TUN,2015,76.66673333
Tunisia,TUN,2016,76.6667
Tunisia,TUN,2017,62.22223333
Turkey,TUR,2004,82.22222222
Turkey,TUR,2005,81.11111111
Turkey,TUR,2006,80
Turkey,TUR,2007,78.88888889
Turkey,TUR,2008,84.44444444
Turkey,TUR,2009,86.66666667
Turkey,TUR,2010,84.44444444
Turkey,TUR,2011,85.55555556
Turkey,TUR,2012,84.44444444
Turkey,TUR,2013,85.55555556
Turkey,TUR,2014,84.44444444
Turkey,TUR,2015,82.22223333
Turkey,TUR,2016,77.7778
Turkey,TUR,2017,85.55556667
Turkmenistan,TKM,2004,48.88888889
Turkmenistan,TKM,2005,45.55555556
Turkmenistan,TKM,2006,46.66666667
Turkmenistan,TKM,2007,45.55555556
Turkmenistan,TKM,2008,45.55555556
Turkmenistan,TKM,2009,45.55555556
Turkmenistan,TKM,2010,38.88888889
Turkmenistan,TKM,2011,38.88888889
Turkmenistan,TKM,2012,44.44444444
Turkmenistan,TKM,2013,43.33333333
Turkmenistan,TKM,2014,43.33333333
Turkmenistan,TKM,2015,33.33333333
Turkmenistan,TKM,2016,34.44443333
Turkmenistan,TKM,2017,35.55553333
Tuvalu,TUV,2013,30
Tuvalu,TUV,2014,33.33333333
Tuvalu,TUV,2015,37.77776667
Tuvalu,TUV,2016,39.99996667
Tuvalu,TUV,2017,38.88883333
Uganda,UGA,2004,60
Uganda,UGA,2005,68.88888889
Uganda,UGA,2006,70
Uganda,UGA,2007,71.11111111
Uganda,UGA,2008,65.55555556
Uganda,UGA,2009,62.22222222
Uganda,UGA,2010,70
Uganda,UGA,2011,70
Uganda,UGA,2012,67.77777778
Uganda,UGA,2013,73.33333333
Uganda,UGA,2014,64.44444444
Uganda,UGA,2015,72.22226667
Uganda,UGA,2016,68.88893333
Uganda,UGA,2017,74.44446667
Ukraine,UKR,2004,83.33333333
Ukraine,UKR,2005,86.66666667
Ukraine,UKR,2006,87.77777778
Ukraine,UKR,2007,84.44444444
Ukraine,UKR,2008,84.44444444
Ukraine,UKR,2009,87.77777778
Ukraine,UKR,2010,87.77777778
Ukraine,UKR,2011,88.88888889
Ukraine,UKR,2012,92.22222222
Ukraine,UKR,2013,91.11111111
Ukraine,UKR,2014,91.11111111
Ukraine,UKR,2015,91.1111
Ukraine,UKR,2016,83.33333333
Ukraine,UKR,2017,77.7778
Uruguay,URY,2004,82.22222222
Uruguay,URY,2005,85.55555556
Uruguay,URY,2006,90
Uruguay,URY,2007,90
Uruguay,URY,2008,92.22222222
Uruguay,URY,2009,92.22222222
Uruguay,URY,2010,95.55555556
Uruguay,URY,2011,94.44444444
Uruguay,URY,2012,94.44444444
Uruguay,URY,2013,92.22222222
Uruguay,URY,2014,90
Uruguay,URY,2015,88.88886667
Uruguay,URY,2016,88.88886667
Uruguay,URY,2017,85.55553333
Uzbekistan,UZB,2004,57.77777778
Uzbekistan,UZB,2005,60
Uzbekistan,UZB,2006,57.77777778
Uzbekistan,UZB,2007,57.77777778
Uzbekistan,UZB,2008,61.11111111
Uzbekistan,UZB,2009,57.77777778
Uzbekistan,UZB,2010,61.11111111
Uzbekistan,UZB,2011,61.11111111
Uzbekistan,UZB,2012,57.77777778
Uzbekistan,UZB,2013,57.77777778
Uzbekistan,UZB,2014,54.44444444
Uzbekistan,UZB,2015,51.11113333
Uzbekistan,UZB,2016,48.88883333
Uzbekistan,UZB,2017,51.1111
Vanuatu,VUT,2005,44.44444444
Vanuatu,VUT,2006,51.11111111
Vanuatu,VUT,2007,48.88888889
Vanuatu,VUT,2008,58.88888889
Vanuatu,VUT,2009,56.66666667
Vanuatu,VUT,2010,42.22222222
Vanuatu,VUT,2011,53.33333333
Vanuatu,VUT,2012,47.77777778
Vanuatu,VUT,2013,43.33333333
Vanuatu,VUT,2014,43.33333333
Vanuatu,VUT,2015,45.55556667
Vanuatu,VUT,2016,50
Vanuatu,VUT,2017,52.2222
"Venezuela, RB",VEN,2004,80
"Venezuela, RB",VEN,2005,82.22222222
"Venezuela, RB",VEN,2006,82.22222222
"Venezuela, RB",VEN,2007,86.66666667
"Venezuela, RB",VEN,2008,90
"Venezuela, RB",VEN,2009,86.66666667
"Venezuela, RB",VEN,2010,83.33333333
"Venezuela, RB",VEN,2011,78.88888889
"Venezuela, RB",VEN,2012,77.77777778
"Venezuela, RB",VEN,2013,80
"Venezuela, RB",VEN,2014,81.11111111
"Venezuela, RB",VEN,2015,82.22223333
"Venezuela, RB",VEN,2016,82.22223333
"Venezuela, RB",VEN,2017,68.8889
Vietnam,VNM,2004,71.11111111
Vietnam,VNM,2005,71.11111111
Vietnam,VNM,2006,72.22222222
Vietnam,VNM,2007,71.11111111
Vietnam,VNM,2008,72.22222222
Vietnam,VNM,2009,65.55555556
Vietnam,VNM,2010,64.44444444
Vietnam,VNM,2011,71.11111111
Vietnam,VNM,2012,71.11111111
Vietnam,VNM,2013,74.44444444
Vietnam,VNM,2014,76.66666667
Vietnam,VNM,2015,82.22223333
Vietnam,VNM,2016,82.22223333
Vietnam,VNM,2017,83.33333333
West Bank and Gaza,PSE,2009,40
West Bank and Gaza,PSE,2010,42.22222222
West Bank and Gaza,PSE,2011,67.77777778
West Bank and Gaza,PSE,2012,74.44444444
West Bank and Gaza,PSE,2013,83.33333333
West Bank and Gaza,PSE,2014,82.22222222
West Bank and Gaza,PSE,2015,80
West Bank and Gaza,PSE,2016,70
West Bank and Gaza,PSE,2017,80
"Yemen, Rep.",YEM,2004,56.66666667
"Yemen, Rep.",YEM,2005,56.66666667
"Yemen, Rep.",YEM,2006,62.22222222
"Yemen, Rep.",YEM,2007,65.55555556
"Yemen, Rep.",YEM,2008,64.44444444
"Yemen, Rep.",YEM,2009,55.55555556
"Yemen, Rep.",YEM,2010,48.88888889
"Yemen, Rep.",YEM,2011,47.77777778
"Yemen, Rep.",YEM,2012,46.66666667
"Yemen, Rep.",YEM,2013,52.22222222
"Yemen, Rep.",YEM,2014,55.55555556
"Yemen, Rep.",YEM,2015,55.5556
"Yemen, Rep.",YEM,2016,47.77783333
"Yemen, Rep.",YEM,2017,44.44446667
Zambia,ZMB,2004,65.55555556
Zambia,ZMB,2005,62.22222222
Zambia,ZMB,2006,55.55555556
Zambia,ZMB,2007,58.88888889
Zambia,ZMB,2008,58.88888889
Zambia,ZMB,2009,58.88888889
Zambia,ZMB,2010,57.77777778
Zambia,ZMB,2011,60
Zambia,ZMB,2012,62.22222222
Zambia,ZMB,2013,56.66666667
Zambia,ZMB,2014,60
Zambia,ZMB,2015,60.00003333
Zambia,ZMB,2016,53.33336667
Zambia,ZMB,2017,52.22223333
Zimbabwe,ZWE,2004,57.77777778
Zimbabwe,ZWE,2005,61.11111111
Zimbabwe,ZWE,2006,57.77777778
Zimbabwe,ZWE,2007,51.11111111
Zimbabwe,ZWE,2008,42.22222222
Zimbabwe,ZWE,2009,46.66666667
Zimbabwe,ZWE,2010,51.11111111
Zimbabwe,ZWE,2011,54.44444444
Zimbabwe,ZWE,2012,53.33333333
Zimbabwe,ZWE,2013,54.44444444
Zimbabwe,ZWE,2014,57.77777778
Zimbabwe,ZWE,2015,62.2222
Zimbabwe,ZWE,2016,55.55553333
Zimbabwe,ZWE,2017,59.99996667
